Gender,Age,Amount,ClaimType,InsuranceClass,Class
1,10,0.076923077,2,1,0
1,26,0.076923077,2,3,1
2,26,0.076923077,2,3,0
2,35,0.062382,2,1,0
2,90,0.092382,2,1,0
2,93,0.092582,2,1,0
1,26,0.23,2,3,1
2,25,0.48,2,3,0
